﻿<?xml version="1.0" encoding="utf-8" standalone="no"?><?xml-stylesheet type='text/xsl' href='LogFile.xsl'?><LogFile logName="Migration log" dateTime="2020-12-25T12:22:34.4871963Z"><LogEntry type="Warning" offset="00:00:15.3005"><CoreText>pe-mls://res/Siemens.Simatic.Hwcn.MigrationResources/Siemens.Simatic.Hwcn.MigrationResources.Resources.FeedbackMessages/MigStationLogMessage?pe-mls://plain/INTERLOCK_PLC</CoreText><DetailedText>pe-mls://res/Siemens.Simatic.Hwcn.MigrationResources/Siemens.Simatic.Hwcn.MigrationResources.Resources.FeedbackMessages/MigStationLogMessage?pe-mls://plain/INTERLOCK_PLC</DetailedText><LogEntry type="Warning" offset="00:00:15.3005"><CoreText>pe-mls://res/Siemens.Simatic.Hwcn.MigrationResources/Siemens.Simatic.Hwcn.MigrationResources.Resources.FeedbackMessages/MsgHwcn</CoreText><DetailedText>pe-mls://res/Siemens.Simatic.Hwcn.MigrationResources/Siemens.Simatic.Hwcn.MigrationResources.Resources.FeedbackMessages/MsgHwcn</DetailedText><LogEntry type="Warning" offset="00:00:15.6725"><CoreText>pe-mls://res/Siemens.Simatic.Hwcn.MigrationResources/Siemens.Simatic.Hwcn.MigrationResources.Resources.FeedbackMessages/MsgReplacedPLC?pe-mls://plain/INTERLOCK_PLC</CoreText><DetailedText>pe-mls://res/Siemens.Simatic.Hwcn.MigrationResources/Siemens.Simatic.Hwcn.MigrationResources.Resources.FeedbackMessages/MsgReplacedPLC?pe-mls://plain/INTERLOCK_PLC</DetailedText></LogEntry></LogEntry><LogEntry type="Information" offset="00:00:17.0469"><CoreText>pe-mls://res/Siemens.Simatic.Hwcn.MigrationResources/Siemens.Simatic.Hwcn.MigrationResources.Resources.FeedbackMessages/MsgUsedSTEP7Version?pe-mls://plain/5.6.1.0_9.1.0.2</CoreText><DetailedText>pe-mls://res/Siemens.Simatic.Hwcn.MigrationResources/Siemens.Simatic.Hwcn.MigrationResources.Resources.FeedbackMessages/MsgUsedSTEP7Version?pe-mls://plain/5.6.1.0_9.1.0.2</DetailedText></LogEntry><LogEntry type="Information" offset="00:00:16.2083"><CoreText>pe-mls://res/SIEMENS.SIMATIC.LANG.MIGRATIONRESOURCES/Siemens.Simatic.Lang.MigrationResources.MigrationFeedback/MigratingProgram</CoreText><DetailedText>pe-mls://res/SIEMENS.SIMATIC.LANG.MIGRATIONRESOURCES/Siemens.Simatic.Lang.MigrationResources.MigrationFeedback/MigratingProgram</DetailedText><LogEntry type="Information" offset="00:00:16.2083"><CoreText>pe-mls://res/SIEMENS.SIMATIC.LANG.MIGRATIONRESOURCES/Siemens.Simatic.Lang.MigrationResources.MigrationFeedback/MigrationSummary</CoreText><DetailedText>pe-mls://res/SIEMENS.SIMATIC.LANG.MIGRATIONRESOURCES/Siemens.Simatic.Lang.MigrationResources.MigrationFeedback/MigrationSummary</DetailedText><LogEntry type="Information" offset="00:00:17.3867"><CoreText>pe-mls://res/SIEMENS.SIMATIC.LANG.MIGRATIONRESOURCES/Siemens.Simatic.Lang.MigrationResources.MigrationFeedback/MigratedOrgBlocks?pe-mls://plain/1</CoreText><DetailedText>pe-mls://res/SIEMENS.SIMATIC.LANG.MIGRATIONRESOURCES/Siemens.Simatic.Lang.MigrationResources.MigrationFeedback/MigratedOrgBlocks?pe-mls://plain/1</DetailedText></LogEntry><LogEntry type="Information" offset="00:00:17.3867"><CoreText>pe-mls://res/SIEMENS.SIMATIC.LANG.MIGRATIONRESOURCES/Siemens.Simatic.Lang.MigrationResources.MigrationFeedback/MigratedFunctionBlocks?pe-mls://plain/4</CoreText><DetailedText>pe-mls://res/SIEMENS.SIMATIC.LANG.MIGRATIONRESOURCES/Siemens.Simatic.Lang.MigrationResources.MigrationFeedback/MigratedFunctionBlocks?pe-mls://plain/4</DetailedText></LogEntry><LogEntry type="Information" offset="00:00:17.3867"><CoreText>pe-mls://res/SIEMENS.SIMATIC.LANG.MIGRATIONRESOURCES/Siemens.Simatic.Lang.MigrationResources.MigrationFeedback/MigratedDataBlocks?pe-mls://plain/25</CoreText><DetailedText>pe-mls://res/SIEMENS.SIMATIC.LANG.MIGRATIONRESOURCES/Siemens.Simatic.Lang.MigrationResources.MigrationFeedback/MigratedDataBlocks?pe-mls://plain/25</DetailedText></LogEntry><LogEntry type="Information" offset="00:00:17.3867"><CoreText>pe-mls://res/SIEMENS.SIMATIC.LANG.MIGRATIONRESOURCES/Siemens.Simatic.Lang.MigrationResources.MigrationFeedback/MigratedFunctions?pe-mls://plain/1</CoreText><DetailedText>pe-mls://res/SIEMENS.SIMATIC.LANG.MIGRATIONRESOURCES/Siemens.Simatic.Lang.MigrationResources.MigrationFeedback/MigratedFunctions?pe-mls://plain/1</DetailedText></LogEntry><LogEntry type="Information" offset="00:00:17.3867"><CoreText>pe-mls://res/SIEMENS.SIMATIC.LANG.MIGRATIONRESOURCES/Siemens.Simatic.Lang.MigrationResources.MigrationFeedback/MigratedTypes?pe-mls://plain/4</CoreText><DetailedText>pe-mls://res/SIEMENS.SIMATIC.LANG.MIGRATIONRESOURCES/Siemens.Simatic.Lang.MigrationResources.MigrationFeedback/MigratedTypes?pe-mls://plain/4</DetailedText></LogEntry><LogEntry type="Information" offset="00:00:17.3877"><CoreText>pe-mls://res/SIEMENS.SIMATIC.LANG.MIGRATIONRESOURCES/Siemens.Simatic.Lang.MigrationResources.MigrationFeedback/MigratedTags?pe-mls://plain/24</CoreText><DetailedText>pe-mls://res/SIEMENS.SIMATIC.LANG.MIGRATIONRESOURCES/Siemens.Simatic.Lang.MigrationResources.MigrationFeedback/MigratedTags?pe-mls://plain/24</DetailedText></LogEntry></LogEntry></LogEntry></LogEntry><LogEntry type="Warning" offset="00:00:00.0000"><CoreText>pe-mls://res/Siemens.Automation.MigrationResources/Siemens.Automation.MigrationResources.LoggingResources/GeneralSectionHeading</CoreText><DetailedText>pe-mls://res/Siemens.Automation.MigrationResources/Siemens.Automation.MigrationResources.LoggingResources/GeneralSectionHeading</DetailedText><LogEntry type="Information" offset="00:00:09.2808"><CoreText>pe-mls://res/Siemens.Simatic.Hwcn.MigrationResources/Siemens.Simatic.Hwcn.MigrationResources.Resources.FeedbackMessages/MsgInstalledSTEP7Version?pe-mls://plain/V5.6%2520+%2520SP1%2520+%2520HF5</CoreText><DetailedText>pe-mls://res/Siemens.Simatic.Hwcn.MigrationResources/Siemens.Simatic.Hwcn.MigrationResources.Resources.FeedbackMessages/MsgInstalledSTEP7Version?pe-mls://plain/V5.6%2520+%2520SP1%2520+%2520HF5</DetailedText></LogEntry><LogEntry type="Warning" offset="00:00:20.7949" help="oh-hlp:PEMigration/1"><CoreText>pe-mls://res/Siemens.Automation.MigrationResources/Siemens.Automation.MigrationResources.LoggingResources/MsgUnspecificDeviceStringWithHelp</CoreText><DetailedText>pe-mls://res/Siemens.Automation.MigrationResources/Siemens.Automation.MigrationResources.LoggingResources/MsgUnspecificDeviceStringWithHelp</DetailedText></LogEntry></LogEntry></LogFile>